{"cameraMode":{"drawMode":0,"name":"Shaded","section":"Shading Mode"},"sceneLighting":true,"audioPlay":false,"sceneViewState":{"showFog":true,"showMaterialUpdate":false,"showSkybox":true,"showFlares":true,"showImageEffects":true,"showParticleSystems":true},"in2DMode":false,"pivot":{"x":0.03370135650038719,"y":-0.1822088658809662,"z":0.047173429280519488},"rotation":{"x":0.5873723030090332,"y":0.08482630550861359,"z":-0.06209506466984749,"w":0.8025454878807068},"size":0.13836023211479188,"orthographic":false}