{"cameraMode":{"drawMode":0,"name":"Shaded","section":"Shading Mode"},"sceneLighting":true,"audioPlay":false,"sceneViewState":{"showFog":true,"showMaterialUpdate":false,"showSkybox":true,"showFlares":true,"showImageEffects":true,"showParticleSystems":true},"in2DMode":false,"pivot":{"x":0.31499016284942629,"y":0.04173988103866577,"z":0.002614632248878479},"rotation":{"x":0.239945650100708,"y":0.2009524554014206,"z":-0.05098331719636917,"w":0.9484805464744568},"size":0.13384981453418733,"orthographic":false}