{"cameraMode":{"drawMode":0,"name":"Shaded","section":"Shading Mode"},"sceneLighting":true,"audioPlay":false,"sceneViewState":{"showFog":true,"showMaterialUpdate":false,"showSkybox":true,"showFlares":true,"showImageEffects":true,"showParticleSystems":true},"in2DMode":false,"pivot":{"x":0.7067171931266785,"y":0.34460335969924929,"z":-0.12788312137126923},"rotation":{"x":0.4743829667568207,"y":-0.05653305724263191,"z":0.030310049653053285,"w":0.8780869841575623},"size":0.13384981453418733,"orthographic":false}